{"class_name": "Model", "config": {"name": "model_2", "layers": [{"name": "the_input", "class_name": "InputLayer", "config": {"batch_input_shape": [null, 128, 64, 1], "dtype": "float32", "sparse": false, "name": "the_input"}, "inbound_nodes": []}, {"name": "conv1", "class_name": "Conv2D", "config": {"name": "conv1", "trainable": true, "filters": 64, "kernel_size": [3, 3], "strides": [1, 1], "padding": "same", "data_format": "channels_last", "dilation_rate": [1, 1], "activation": "linear", "use_bias": true, "kernel_initializer": {"class_name": "VarianceScaling", "config": {"scale": 2.0, "mode": "fan_in", "distribution": "normal", "seed": null}}, "bias_initializer": {"class_name": "Zeros", "config": {}}, "kernel_regularizer": null, "bias_regularizer": null, "activity_regularizer": null, "kernel_constraint": null, "bias_constraint": null}, "inbound_nodes": [[["the_input", 0, 0, {}]]]}, {"name": "batch_normalization_1", "class_name": "BatchNormalization", "config": {"name": "batch_normalization_1", "trainable": true, "axis": -1, "momentum": 0.99, "epsilon": 0.001, "center": true, "scale": true, "beta_initializer": {"class_name": "Zeros", "config": {}}, "gamma_initializer": {"class_name": "Ones", "config": {}}, "moving_mean_initializer": {"class_name": "Zeros", "config": {}}, "moving_variance_initializer": {"class_name": "Ones", "config": {}}, "beta_regularizer": null, "gamma_regularizer": null, "beta_constraint": null, "gamma_constraint": null}, "inbound_nodes": [[["conv1", 0, 0, {}]]]}, {"name": "activation_1", "class_name": "Activation", "config": {"name": "activation_1", "trainable": true, "activation": "relu"}, "inbound_nodes": [[["batch_normalization_1", 0, 0, {}]]]}, {"name": "max1", "class_name": "MaxPooling2D", "config": {"name": "max1", "trainable": true, "pool_size": [2, 2], "padding": "valid", "strides": [2, 2], "data_format": "channels_last"}, "inbound_nodes": [[["activation_1", 0, 0, {}]]]}, {"name": "conv2", "class_name": "Conv2D", "config": {"name": "conv2", "trainable": true, "filters": 128, "kernel_size": [3, 3], "strides": [1, 1], "padding": "same", "data_format": "channels_last", "dilation_rate": [1, 1], "activation": "linear", "use_bias": true, "kernel_initializer": {"class_name": "VarianceScaling", "config": {"scale": 2.0, "mode": "fan_in", "distribution": "normal", "seed": null}}, "bias_initializer": {"class_name": "Zeros", "config": {}}, "kernel_regularizer": null, "bias_regularizer": null, "activity_regularizer": null, "kernel_constraint": null, "bias_constraint": null}, "inbound_nodes": [[["max1", 0, 0, {}]]]}, {"name": "batch_normalization_2", "class_name": "BatchNormalization", "config": {"name": "batch_normalization_2", "trainable": true, "axis": -1, "momentum": 0.99, "epsilon": 0.001, "center": true, "scale": true, "beta_initializer": {"class_name": "Zeros", "config": {}}, "gamma_initializer": {"class_name": "Ones", "config": {}}, "moving_mean_initializer": {"class_name": "Zeros", "config": {}}, "moving_variance_initializer": {"class_name": "Ones", "config": {}}, "beta_regularizer": null, "gamma_regularizer": null, "beta_constraint": null, "gamma_constraint": null}, "inbound_nodes": [[["conv2", 0, 0, {}]]]}, {"name": "activation_2", "class_name": "Activation", "config": {"name": "activation_2", "trainable": true, "activation": "relu"}, "inbound_nodes": [[["batch_normalization_2", 0, 0, {}]]]}, {"name": "max2", "class_name": "MaxPooling2D", "config": {"name": "max2", "trainable": true, "pool_size": [2, 2], "padding": "valid", "strides": [2, 2], "data_format": "channels_last"}, "inbound_nodes": [[["activation_2", 0, 0, {}]]]}, {"name": "conv3", "class_name": "Conv2D", "config": {"name": "conv3", "trainable": true, "filters": 256, "kernel_size": [3, 3], "strides": [1, 1], "padding": "same", "data_format": "channels_last", "dilation_rate": [1, 1], "activation": "linear", "use_bias": true, "kernel_initializer": {"class_name": "VarianceScaling", "config": {"scale": 2.0, "mode": "fan_in", "distribution": "normal", "seed": null}}, "bias_initializer": {"class_name": "Zeros", "config": {}}, "kernel_regularizer": null, "bias_regularizer": null, "activity_regularizer": null, "kernel_constraint": null, "bias_constraint": null}, "inbound_nodes": [[["max2", 0, 0, {}]]]}, {"name": "batch_normalization_3", "class_name": "BatchNormalization", "config": {"name": "batch_normalization_3", "trainable": true, "axis": -1, "momentum": 0.99, "epsilon": 0.001, "center": true, "scale": true, "beta_initializer": {"class_name": "Zeros", "config": {}}, "gamma_initializer": {"class_name": "Ones", "config": {}}, "moving_mean_initializer": {"class_name": "Zeros", "config": {}}, "moving_variance_initializer": {"class_name": "Ones", "config": {}}, "beta_regularizer": null, "gamma_regularizer": null, "beta_constraint": null, "gamma_constraint": null}, "inbound_nodes": [[["conv3", 0, 0, {}]]]}, {"name": "activation_3", "class_name": "Activation", "config": {"name": "activation_3", "trainable": true, "activation": "relu"}, "inbound_nodes": [[["batch_normalization_3", 0, 0, {}]]]}, {"name": "conv4", "class_name": "Conv2D", "config": {"name": "conv4", "trainable": true, "filters": 256, "kernel_size": [3, 3], "strides": [1, 1], "padding": "same", "data_format": "channels_last", "dilation_rate": [1, 1], "activation": "linear", "use_bias": true, "kernel_initializer": {"class_name": "VarianceScaling", "config": {"scale": 2.0, "mode": "fan_in", "distribution": "normal", "seed": null}}, "bias_initializer": {"class_name": "Zeros", "config": {}}, "kernel_regularizer": null, "bias_regularizer": null, "activity_regularizer": null, "kernel_constraint": null, "bias_constraint": null}, "inbound_nodes": [[["activation_3", 0, 0, {}]]]}, {"name": "batch_normalization_4", "class_name": "BatchNormalization", "config": {"name": "batch_normalization_4", "trainable": true, "axis": -1, "momentum": 0.99, "epsilon": 0.001, "center": true, "scale": true, "beta_initializer": {"class_name": "Zeros", "config": {}}, "gamma_initializer": {"class_name": "Ones", "config": {}}, "moving_mean_initializer": {"class_name": "Zeros", "config": {}}, "moving_variance_initializer": {"class_name": "Ones", "config": {}}, "beta_regularizer": null, "gamma_regularizer": null, "beta_constraint": null, "gamma_constraint": null}, "inbound_nodes": [[["conv4", 0, 0, {}]]]}, {"name": "activation_4", "class_name": "Activation", "config": {"name": "activation_4", "trainable": true, "activation": "relu"}, "inbound_nodes": [[["batch_normalization_4", 0, 0, {}]]]}, {"name": "max3", "class_name": "MaxPooling2D", "config": {"name": "max3", "trainable": true, "pool_size": [1, 2], "padding": "valid", "strides": [1, 2], "data_format": "channels_last"}, "inbound_nodes": [[["activation_4", 0, 0, {}]]]}, {"name": "conv5", "class_name": "Conv2D", "config": {"name": "conv5", "trainable": true, "filters": 512, "kernel_size": [3, 3], "strides": [1, 1], "padding": "same", "data_format": "channels_last", "dilation_rate": [1, 1], "activation": "linear", "use_bias": true, "kernel_initializer": {"class_name": "VarianceScaling", "config": {"scale": 2.0, "mode": "fan_in", "distribution": "normal", "seed": null}}, "bias_initializer": {"class_name": "Zeros", "config": {}}, "kernel_regularizer": null, "bias_regularizer": null, "activity_regularizer": null, "kernel_constraint": null, "bias_constraint": null}, "inbound_nodes": [[["max3", 0, 0, {}]]]}, {"name": "batch_normalization_5", "class_name": "BatchNormalization", "config": {"name": "batch_normalization_5", "trainable": true, "axis": -1, "momentum": 0.99, "epsilon": 0.001, "center": true, "scale": true, "beta_initializer": {"class_name": "Zeros", "config": {}}, "gamma_initializer": {"class_name": "Ones", "config": {}}, "moving_mean_initializer": {"class_name": "Zeros", "config": {}}, "moving_variance_initializer": {"class_name": "Ones", "config": {}}, "beta_regularizer": null, "gamma_regularizer": null, "beta_constraint": null, "gamma_constraint": null}, "inbound_nodes": [[["conv5", 0, 0, {}]]]}, {"name": "activation_5", "class_name": "Activation", "config": {"name": "activation_5", "trainable": true, "activation": "relu"}, "inbound_nodes": [[["batch_normalization_5", 0, 0, {}]]]}, {"name": "conv6", "class_name": "Conv2D", "config": {"name": "conv6", "trainable": true, "filters": 512, "kernel_size": [3, 3], "strides": [1, 1], "padding": "same", "data_format": "channels_last", "dilation_rate": [1, 1], "activation": "linear", "use_bias": true, "kernel_initializer": {"class_name": "VarianceScaling", "config": {"scale": 1.0, "mode": "fan_avg", "distribution": "uniform", "seed": null}}, "bias_initializer": {"class_name": "Zeros", "config": {}}, "kernel_regularizer": null, "bias_regularizer": null, "activity_regularizer": null, "kernel_constraint": null, "bias_constraint": null}, "inbound_nodes": [[["activation_5", 0, 0, {}]]]}, {"name": "batch_normalization_6", "class_name": "BatchNormalization", "config": {"name": "batch_normalization_6", "trainable": true, "axis": -1, "momentum": 0.99, "epsilon": 0.001, "center": true, "scale": true, "beta_initializer": {"class_name": "Zeros", "config": {}}, "gamma_initializer": {"class_name": "Ones", "config": {}}, "moving_mean_initializer": {"class_name": "Zeros", "config": {}}, "moving_variance_initializer": {"class_name": "Ones", "config": {}}, "beta_regularizer": null, "gamma_regularizer": null, "beta_constraint": null, "gamma_constraint": null}, "inbound_nodes": [[["conv6", 0, 0, {}]]]}, {"name": "activation_6", "class_name": "Activation", "config": {"name": "activation_6", "trainable": true, "activation": "relu"}, "inbound_nodes": [[["batch_normalization_6", 0, 0, {}]]]}, {"name": "max4", "class_name": "MaxPooling2D", "config": {"name": "max4", "trainable": true, "pool_size": [1, 2], "padding": "valid", "strides": [1, 2], "data_format": "channels_last"}, "inbound_nodes": [[["activation_6", 0, 0, {}]]]}, {"name": "con7", "class_name": "Conv2D", "config": {"name": "con7", "trainable": true, "filters": 512, "kernel_size": [2, 2], "strides": [1, 1], "padding": "same", "data_format": "channels_last", "dilation_rate": [1, 1], "activation": "linear", "use_bias": true, "kernel_initializer": {"class_name": "VarianceScaling", "config": {"scale": 2.0, "mode": "fan_in", "distribution": "normal", "seed": null}}, "bias_initializer": {"class_name": "Zeros", "config": {}}, "kernel_regularizer": null, "bias_regularizer": null, "activity_regularizer": null, "kernel_constraint": null, "bias_constraint": null}, "inbound_nodes": [[["max4", 0, 0, {}]]]}, {"name": "batch_normalization_7", "class_name": "BatchNormalization", "config": {"name": "batch_normalization_7", "trainable": true, "axis": -1, "momentum": 0.99, "epsilon": 0.001, "center": true, "scale": true, "beta_initializer": {"class_name": "Zeros", "config": {}}, "gamma_initializer": {"class_name": "Ones", "config": {}}, "moving_mean_initializer": {"class_name": "Zeros", "config": {}}, "moving_variance_initializer": {"class_name": "Ones", "config": {}}, "beta_regularizer": null, "gamma_regularizer": null, "beta_constraint": null, "gamma_constraint": null}, "inbound_nodes": [[["con7", 0, 0, {}]]]}, {"name": "activation_7", "class_name": "Activation", "config": {"name": "activation_7", "trainable": true, "activation": "relu"}, "inbound_nodes": [[["batch_normalization_7", 0, 0, {}]]]}, {"name": "reshape", "class_name": "Reshape", "config": {"name": "reshape", "trainable": true, "target_shape": [32, 2048]}, "inbound_nodes": [[["activation_7", 0, 0, {}]]]}, {"name": "dense1", "class_name": "Dense", "config": {"name": "dense1", "trainable": true, "units": 64, "activation": "relu", "use_bias": true, "kernel_initializer": {"class_name": "VarianceScaling", "config": {"scale": 2.0, "mode": "fan_in", "distribution": "normal", "seed": null}}, "bias_initializer": {"class_name": "Zeros", "config": {}}, "kernel_regularizer": null, "bias_regularizer": null, "activity_regularizer": null, "kernel_constraint": null, "bias_constraint": null}, "inbound_nodes": [[["reshape", 0, 0, {}]]]}, {"name": "gru1_b", "class_name": "GRU", "config": {"name": "gru1_b", "trainable": true, "return_sequences": true, "return_state": false, "go_backwards": true, "stateful": false, "unroll": false, "units": 256, "activation": "tanh", "recurrent_activation": "hard_sigmoid", "use_bias": true, "kernel_initializer": {"class_name": "VarianceScaling", "config": {"scale": 2.0, "mode": "fan_in", "distribution": "normal", "seed": null}}, "recurrent_initializer": {"class_name": "Orthogonal", "config": {"gain": 1.0, "seed": null}}, "bias_initializer": {"class_name": "Zeros", "config": {}}, "kernel_regularizer": null, "recurrent_regularizer": null, "bias_regularizer": null, "activity_regularizer": null, "kernel_constraint": null, "recurrent_constraint": null, "bias_constraint": null, "dropout": 0.0, "recurrent_dropout": 0.0, "implementation": 1, "reset_after": false}, "inbound_nodes": [[["dense1", 0, 0, {}]]]}, {"name": "gru1", "class_name": "GRU", "config": {"name": "gru1", "trainable": true, "return_sequences": true, "return_state": false, "go_backwards": false, "stateful": false, "unroll": false, "units": 256, "activation": "tanh", "recurrent_activation": "hard_sigmoid", "use_bias": true, "kernel_initializer": {"class_name": "VarianceScaling", "config": {"scale": 2.0, "mode": "fan_in", "distribution": "normal", "seed": null}}, "recurrent_initializer": {"class_name": "Orthogonal", "config": {"gain": 1.0, "seed": null}}, "bias_initializer": {"class_name": "Zeros", "config": {}}, "kernel_regularizer": null, "recurrent_regularizer": null, "bias_regularizer": null, "activity_regularizer": null, "kernel_constraint": null, "recurrent_constraint": null, "bias_constraint": null, "dropout": 0.0, "recurrent_dropout": 0.0, "implementation": 1, "reset_after": false}, "inbound_nodes": [[["dense1", 0, 0, {}]]]}, {"name": "lambda_1", "class_name": "Lambda", "config": {"name": "lambda_1", "trainable": true, "function": ["4wEAAAAAAAAAAQAAAAQAAABTAAAAcw4AAAB0AGoBfABkAWQCjQJTACkDTukBAAAAKQHaBGF4ZXMp\nAtoBS9oHcmV2ZXJzZSkB2gtpbnB1dFRlbnNvcqkAcgYAAAD6SC9ob21lL3B5dGhvbi9Eb2N1bWVu\ndHMvSW50ZXJuVE1BL0lBTS9yZWNvZ25pemVfd29yZHNfbW9kZWwvQ1JOTl9Nb2RlbC5wedoIPGxh\nbWJkYT4/AAAA8wAAAAA=\n", null, null], "function_type": "lambda", "output_shape": null, "output_shape_type": "raw", "arguments": {}}, "inbound_nodes": [[["gru1_b", 0, 0, {}]]]}, {"name": "add_1", "class_name": "Add", "config": {"name": "add_1", "trainable": true}, "inbound_nodes": [[["gru1", 0, 0, {}], ["lambda_1", 0, 0, {}]]]}, {"name": "batch_normalization_8", "class_name": "BatchNormalization", "config": {"name": "batch_normalization_8", "trainable": true, "axis": -1, "momentum": 0.99, "epsilon": 0.001, "center": true, "scale": true, "beta_initializer": {"class_name": "Zeros", "config": {}}, "gamma_initializer": {"class_name": "Ones", "config": {}}, "moving_mean_initializer": {"class_name": "Zeros", "config": {}}, "moving_variance_initializer": {"class_name": "Ones", "config": {}}, "beta_regularizer": null, "gamma_regularizer": null, "beta_constraint": null, "gamma_constraint": null}, "inbound_nodes": [[["add_1", 0, 0, {}]]]}, {"name": "gru2_b", "class_name": "GRU", "config": {"name": "gru2_b", "trainable": true, "return_sequences": true, "return_state": false, "go_backwards": true, "stateful": false, "unroll": false, "units": 256, "activation": "tanh", "recurrent_activation": "hard_sigmoid", "use_bias": true, "kernel_initializer": {"class_name": "VarianceScaling", "config": {"scale": 2.0, "mode": "fan_in", "distribution": "normal", "seed": null}}, "recurrent_initializer": {"class_name": "Orthogonal", "config": {"gain": 1.0, "seed": null}}, "bias_initializer": {"class_name": "Zeros", "config": {}}, "kernel_regularizer": null, "recurrent_regularizer": null, "bias_regularizer": null, "activity_regularizer": null, "kernel_constraint": null, "recurrent_constraint": null, "bias_constraint": null, "dropout": 0.0, "recurrent_dropout": 0.0, "implementation": 1, "reset_after": false}, "inbound_nodes": [[["batch_normalization_8", 0, 0, {}]]]}, {"name": "gru2", "class_name": "GRU", "config": {"name": "gru2", "trainable": true, "return_sequences": true, "return_state": false, "go_backwards": false, "stateful": false, "unroll": false, "units": 256, "activation": "tanh", "recurrent_activation": "hard_sigmoid", "use_bias": true, "kernel_initializer": {"class_name": "VarianceScaling", "config": {"scale": 2.0, "mode": "fan_in", "distribution": "normal", "seed": null}}, "recurrent_initializer": {"class_name": "Orthogonal", "config": {"gain": 1.0, "seed": null}}, "bias_initializer": {"class_name": "Zeros", "config": {}}, "kernel_regularizer": null, "recurrent_regularizer": null, "bias_regularizer": null, "activity_regularizer": null, "kernel_constraint": null, "recurrent_constraint": null, "bias_constraint": null, "dropout": 0.0, "recurrent_dropout": 0.0, "implementation": 1, "reset_after": false}, "inbound_nodes": [[["batch_normalization_8", 0, 0, {}]]]}, {"name": "lambda_2", "class_name": "Lambda", "config": {"name": "lambda_2", "trainable": true, "function": ["4wEAAAAAAAAAAQAAAAQAAABTAAAAcw4AAAB0AGoBfABkAWQCjQJTACkDTukBAAAAKQHaBGF4ZXMp\nAtoBS9oHcmV2ZXJzZSkB2gtpbnB1dFRlbnNvcqkAcgYAAAD6SC9ob21lL3B5dGhvbi9Eb2N1bWVu\ndHMvSW50ZXJuVE1BL0lBTS9yZWNvZ25pemVfd29yZHNfbW9kZWwvQ1JOTl9Nb2RlbC5wedoIPGxh\nbWJkYT5GAAAA8wAAAAA=\n", null, null], "function_type": "lambda", "output_shape": null, "output_shape_type": "raw", "arguments": {}}, "inbound_nodes": [[["gru2_b", 0, 0, {}]]]}, {"name": "concatenate_1", "class_name": "Concatenate", "config": {"name": "concatenate_1", "trainable": true, "axis": -1}, "inbound_nodes": [[["gru2", 0, 0, {}], ["lambda_2", 0, 0, {}]]]}, {"name": "batch_normalization_9", "class_name": "BatchNormalization", "config": {"name": "batch_normalization_9", "trainable": true, "axis": -1, "momentum": 0.99, "epsilon": 0.001, "center": true, "scale": true, "beta_initializer": {"class_name": "Zeros", "config": {}}, "gamma_initializer": {"class_name": "Ones", "config": {}}, "moving_mean_initializer": {"class_name": "Zeros", "config": {}}, "moving_variance_initializer": {"class_name": "Ones", "config": {}}, "beta_regularizer": null, "gamma_regularizer": null, "beta_constraint": null, "gamma_constraint": null}, "inbound_nodes": [[["concatenate_1", 0, 0, {}]]]}, {"name": "dense2", "class_name": "Dense", "config": {"name": "dense2", "trainable": true, "units": 80, "activation": "linear", "use_bias": true, "kernel_initializer": {"class_name": "VarianceScaling", "config": {"scale": 2.0, "mode": "fan_in", "distribution": "normal", "seed": null}}, "bias_initializer": {"class_name": "Zeros", "config": {}}, "kernel_regularizer": null, "bias_regularizer": null, "activity_regularizer": null, "kernel_constraint": null, "bias_constraint": null}, "inbound_nodes": [[["batch_normalization_9", 0, 0, {}]]]}, {"name": "softmax", "class_name": "Activation", "config": {"name": "softmax", "trainable": true, "activation": "softmax"}, "inbound_nodes": [[["dense2", 0, 0, {}]]]}], "input_layers": [["the_input", 0, 0]], "output_layers": [["softmax", 0, 0]]}, "keras_version": "2.2.4", "backend": "tensorflow"}